日期,風速m/s,風向D,氣壓mb,日輻射量cal/cm2,蒸發量mm,相對溼度%,最高溫度,最低溫度,平均溫度,翡翠水庫日平均水位/公尺,水庫有效蓄水量/百萬立方公尺,集水區平均雨量/毫米,水庫進流量/立方公尺,水庫放流量/立方公尺,進流量減放流量/立方公尺,南勢溪流量/立方公尺,南北勢溪合計原水量/立方公尺
2021-01-01,0.1,東北東,1014.7,97.1,1.1,79,15.3,7.9,11.2,168.2,318.524,0.0,"1,109,556","1,289,556","-180,000","2,475,360","3,764,916"
2021-01-02,0.1,東北東,1013.6,79.5,0.4,86,13.7,11.1,12.6,168.18,318.419,3.8,"974,520","614,520","360,000","2,221,200","2,835,720"
2021-01-03,0.9,東,1012.2,132.7,1.5,78,22.1,13.4,16.6,168.22,318.741,0.4,"817,460","458,460","359,000","2,328,120","2,786,580"
2021-01-04,0.0,西,1010.4,159.9,0.1,92,19.5,14.6,16.8,168.23,318.887,16.1,"1,168,992","1,168,992",0,"2,098,080","3,267,072"
2021-01-05,0.0,西,1010.7,375.9,0.1,92,17.4,13.9,15.6,168.3,319.45,20.7,"2,306,772","2,126,772","180,000","2,324,880","4,451,652"
2021-01-06,0.4,南,1010.2,369.4,2.5,89,15.6,13.5,14.2,168.26,319.157,21.7,"3,969,216","3,789,216","180,000","2,793,600","6,582,816"
2021-01-07,0.0,西南西,1012.9,415.2,3.5,92,13.7,8.6,11.4,168.25,319.071,27.2,"6,659,748","6,659,748",0,"3,279,960","9,939,708"
2021-01-08,0.0,西北西,1016.2,389.4,5.1,92,8.7,5.7,6.5,168.29,319.416,22.8,"7,023,240","6,663,240","360,000","4,194,000","10,857,240"
2021-01-09,0.0,東北,1016.1,303.6,3.6,85,8.7,5.9,6.9,168.41,320.459,0.0,"4,575,376","3,134,376","1,441,000","3,826,800","6,961,176"
2021-01-10,0.2,東,1014.1,237.1,2.1,77,13.8,6.3,10.7,168.3,319.379,1.7,"3,436,984","6,675,984","-3,239,000","2,973,600","9,649,584"
2021-01-11,0.0,西北北,1013.8,273.0,1.8,93,12.0,8.7,10.6,167.91,315.945,26.2,"3,374,080","6,688,080","-3,314,000","2,946,960","9,635,040"
2021-01-12,0.0,北,1012.9,379.8,6.3,82,14.0,5.5,8.7,167.79,314.886,1.8,"3,207,744","3,297,744","-90,000","3,072,600","6,370,344"
2021-01-13,0.5,東南東,1009.4,239.9,2.7,76,22.0,5.0,11.4,167.54,312.564,0.1,"2,908,336","6,387,336","-3,479,000","2,961,720","9,349,056"
2021-01-14,0.4,東,1007.4,111.5,1.3,74,21.7,7.7,13.6,167.39,311.293,0.1,"1,843,656","1,576,656","267,000","2,751,120","4,327,776"
2021-01-15,0.4,東南,1005.8,110.9,1.4,75,24.7,10.0,15.3,167.41,311.482,0.1,"1,403,156","1,581,156","-178,000","2,477,520","4,058,676"
2021-01-16,0.6,東南,1008.9,55.5,1.0,78,22.4,11.9,15.9,167.38,311.263,5.9,"1,104,452","1,015,452","89,000","2,316,240","3,331,692"
2021-01-17,0.0,西北北,1015.8,183.6,0.9,92,13.3,10.5,11.8,167.4,311.36,8.9,"1,313,436","1,580,436","-267,000","2,484,000","4,064,436"
2021-01-18,1.0,東,1013.3,133.4,2.8,77,14.4,10.3,12.4,167.36,311.063,0.1,"1,111,076","1,022,076","89,000","2,292,480","3,314,556"
2021-01-19,2.0,東南東,1011.1,37.0,3.4,63,20.1,13.3,16.4,167.37,311.13,0.8,"1,018,368","1,018,368",0,"2,108,520","3,126,888"
2021-01-20,2.9,東,1008.3,44.5,3.7,67,23.5,16.9,20.0,167.36,311.026,3.0,"910,344","1,177,344","-267,000","1,999,800","3,177,144"
2021-01-21,1.0,東,1005.3,77.3,2.4,75,28.8,15.9,21.5,167.33,310.759,0.0,"823,504","1,179,504","-356,000","1,904,760","3,084,264"
2021-01-22,0.9,東,1001.6,47.4,1.4,84,25.2,18.3,21.2,167.29,310.403,4.2,"944,032","1,300,032","-356,000","1,802,160","3,102,192"
2021-01-23,0.4,西北西,1003.4,209.9,0.4,86,23.6,17.7,19.6,167.24,309.969,3.5,"927,484","1,460,484","-533,000","1,733,040","3,193,524"
2021-01-24,2.7,東,1008.6,53.2,2.4,72,18.7,15.8,16.9,167.18,309.428,0.5,"838,304","1,460,304","-622,000","1,665,360","3,125,664"
2021-01-25,0.0,東南南,1008.1,102.6,1.9,77,24.9,14.1,17.7,167.11,308.799,0.0,"839,204","1,461,204","-622,000","1,608,480","3,069,684"
2021-01-26,0.4,東南南,1007.0,78.6,1.9,79,24.7,13.2,17.8,167.03,308.129,3.7,"752,068","1,462,068","-710,000","1,555,200","3,017,268"
2021-01-27,0.4,東南南,1007.9,189.0,0.5,85,18.8,16.0,17.1,166.96,307.49,4.7,"873,488","1,582,488","-709,000","1,541,160","3,123,648"
2021-01-28,0.0,西南西,1011.7,192.9,0.5,91,16.4,11.7,14.2,166.88,306.776,4.3,"966,240","1,587,240","-621,000","1,480,680","3,067,920"
2021-01-29,0.9,東,1014.8,172.3,1.9,69,16.0,10.7,13.1,166.81,306.178,0.0,"782,996","1,578,996","-796,000","1,465,200","3,044,196"
2021-01-30,1.6,東南東,1012.7,80.1,3.5,60,22.2,12.8,17.2,166.71,305.259,0.1,"707,352","1,592,352","-885,000","1,395,360","2,987,712"
2021-01-31,1.6,東,1011.3,60.4,2.7,72,24.8,12.0,17.5,166.61,304.382,0.0,"726,412","1,874,412","-1,148,000","1,341,360","3,215,772"
2021-02-01,0.9,東南,1008.9,61.9,2.1,75,26.7,12.3,17.6,166.47,303.172,0.0,"781,760","1,751,760","-970,000","1,313,280","3,065,040"
2021-02-02,0.9,東,1013.7,17.9,0.3,81,16.0,14.9,15.6,166.36,302.172,3.0,"609,424","1,754,424","-1,145,000","1,279,440","3,033,864"
2021-02-03,2.6,東,1012.5,37.0,3.7,62,22.9,13.7,17.8,166.26,301.075,0.1,"611,432","1,755,432","-1,144,000","1,281,600","3,037,032"
2021-02-04,2.9,東,1011.8,50.2,3.0,72,23.6,12.3,17.8,166.11,299.935,0.1,"650,496","1,880,496","-1,230,000","1,196,280","3,076,776"
2021-02-05,2.0,東,1008.7,62.8,2.7,69,26.6,15.1,20.1,165.95,298.581,0.1,"565,000","1,881,000","-1,316,000","1,151,640","3,032,640"
2021-02-06,1.2,東南,1007.6,70.5,2.4,77,27.1,14.2,18.4,165.81,297.288,0.0,"573,112","1,886,112","-1,313,000","1,103,760","2,989,872"
2021-02-07,1.4,東南東,1007.6,79.2,3.0,73,27.8,14.3,20.0,165.65,295.949,0.5,"602,408","2,175,408","-1,573,000","1,080,000","3,255,408"
2021-02-08,0.9,東南,1011.0,126.9,0.2,87,18.5,14.7,16.9,165.48,294.42,10.3,"637,264","1,770,264","-1,133,000","1,100,880","2,871,144"
2021-02-09,2.5,東南東,1011.2,101.6,0.2,81,18.1,14.3,16.0,165.35,293.269,12.8,"677,300","1,896,300","-1,219,000","1,398,960","3,295,260"
2021-02-10,3.8,東,1003.5,49.7,2.8,69,24.4,17.8,20.5,165.28,292.764,23.2,"2,281,152","1,324,152","957,000","1,590,120","2,914,272"
2021-02-11,0.6,西南西,1000.3,342.4,0.5,93,19.5,16.8,18.2,165.52,294.901,29.2,"4,203,648","1,323,648","2,880,000","1,720,440","3,044,088"
2021-02-12,0.3,西北,1004.2,501.8,4.2,88,23.9,16.7,18.6,165.88,298.077,27.7,"4,503,000","468,000","4,035,000","2,005,560","2,473,560"
2021-02-13,0.2,東南南,1006.3,595.9,4.6,88,21.3,15.9,17.8,166.53,303.874,28.3,"7,330,000",0,"7,330,000","2,780,280","2,780,280"
2021-02-14,0.7,南,1004.0,226.7,2.1,83,25.7,13.9,17.8,167.15,309.206,0.3,"4,159,912","2,472,912","1,687,000","2,667,960","5,140,872"
2021-02-15,1.9,東南東,1005.9,95.0,3.8,69,24.8,13.2,18.0,167.22,309.814,0.1,"2,047,144","891,144","1,156,000","2,082,960","2,974,104"
2021-02-16,1.5,東,1005.7,96.5,2.0,69,24.4,16.7,19.3,167.33,310.829,0.4,"1,454,428","742,428","712,000","1,807,200","2,549,628"
2021-02-17,0.2,西北北,1012.3,275.6,0.5,92,16.9,9.9,13.7,167.41,311.482,10.8,"1,523,784","899,784","624,000","1,817,280","2,717,064"
2021-02-18,0.8,東北東,1017.3,170.2,2.6,72,18.6,8.1,12.0,167.45,311.872,0.1,"989,412","722,412","267,000","1,602,000","2,324,412"
2021-02-19,1.2,東南東,1013.3,54.6,2.7,70,21.7,7.3,13.4,167.44,311.724,0.0,"1,027,456","1,740,456","-713,000","1,501,920","3,242,376"
2021-02-20,0.7,東南,1009.7,66.5,2.3,72,25.0,9.5,15.5,167.37,311.122,0.1,"939,708","1,740,708","-801,000","1,434,240","3,174,948"
2021-02-21,0.8,東南南,1007.7,69.1,2.1,74,26.8,10.4,16.6,167.29,310.377,0.1,"737,708","1,182,708","-445,000","1,381,320","2,564,028"
2021-02-22,1.2,東南南,1006.2,80.0,2.4,72,29.2,12.3,18.4,167.23,309.832,0.1,"780,136","2,024,136","-1,244,000","1,309,680","3,333,816"
2021-02-23,2.1,東南東,1005.9,46.5,2.4,71,25.8,14.6,20.1,167.08,308.547,0.1,"767,848","1,744,848","-977,000","1,262,880","3,007,728"
2021-02-24,2.5,東,1003.4,78.4,5.2,61,28.2,16.8,22.3,166.97,307.56,0.9,"629,812","1,870,812","-1,241,000","1,210,320","3,081,132"
2021-02-25,1.0,東南,1000.2,97.4,2.4,75,29.8,17.3,21.5,166.84,306.392,0.1,"705,668","1,591,668","-886,000","1,170,000","2,761,668"
2021-02-26,0.9,西南,1000.3,95.4,1.5,83,25.2,17.2,19.9,166.73,305.389,0.8,"618,496","2,033,496","-1,415,000","1,137,600","3,171,096"
2021-02-27,0.2,西南西,1005.2,680.7,0.0,93,17.5,15.6,16.3,166.59,304.161,3.0,"621,856","1,592,856","-971,000","1,104,480","2,697,336"
2021-02-28,0.4,東南,1006.6,584.3,0.4,88,19.8,15.4,16.8,166.46,303.039,0.8,"641,896","1,876,896","-1,235,000","1,047,636","2,924,532"
2021-03-01,0.8,東南,1005.7,237.6,1.4,80,28.5,15.4,20.4,166.32,301.768,0.1,"540,644","1,597,644","-1,057,000","1,013,040","2,610,684"
2021-03-02,0.5,西南,1011.5,604.2,0.2,92,19.5,13.4,15.4,166.19,300.697,14.6,"737,892","1,880,892","-1,143,000","1,069,560","2,950,452"
2021-03-03,1.6,東南東,1010.6,459.8,0.3,84,17.9,13.4,16.0,166.08,299.679,1.5,"708,372","1,761,372","-1,053,000","1,097,280","2,858,652"
2021-03-04,0.9,西北,1008.7,412.8,0.8,84,23.7,15.8,18.3,165.95,298.567,0.4,"656,788","1,885,788","-1,229,000","982,800","2,868,588"
2021-03-05,1.9,東,1006.9,145.6,2.8,78,24.9,16.7,20.2,165.81,297.331,0.9,"574,084","1,887,084","-1,313,000","1,001,520","2,888,604"
2021-03-06,0.5,西南南,1007.7,308.8,3.1,89,21.1,16.5,18.1,165.67,296.062,17.2,"754,252","1,890,252","-1,136,000","997,200","2,887,452"
2021-03-07,0.1,西,1010.0,514.7,3.7,91,18.4,16.3,17.2,165.58,295.333,14.3,"1,088,544","914,544","174,000","1,410,120","2,324,664"
2021-03-08,1.2,東南南,1010.7,338.6,2.7,85,19.2,16.0,17.4,165.6,295.523,4.9,"1,506,032","1,768,032","-262,000","1,216,440","2,984,472"
2021-03-09,1.0,東南,1010.3,272.0,1.2,82,25.0,17.0,19.5,165.55,295.108,2.4,"1,340,828","1,602,828","-262,000","1,140,840","2,743,668"
2021-03-10,2.6,東南東,1011.8,303.3,1.2,80,20.4,16.7,18.4,165.52,294.777,5.6,"1,109,176","1,894,176","-785,000","1,147,320","3,041,496"
2021-03-11,1.2,東南,1009.1,222.5,2.7,75,29.4,17.0,21.5,165.44,294.148,0.5,"1,309,308","1,483,308","-174,000","1,180,080","2,663,388"
2021-03-12,1.8,東南,1009.8,139.5,2.3,77,24.8,17.4,19.6,165.38,293.57,0.9,"1,086,848","1,609,848","-523,000","1,108,440","2,718,288"
2021-03-13,2.9,東南東,1009.7,88.6,3.2,69,20.9,15.4,17.7,165.33,293.106,0.2,"963,168","2,181,168","-1,218,000","1,080,360","3,261,528"
2021-03-14,2.7,東南東,1007.1,194.5,3.6,70,22.9,15.6,19.0,165.2,291.974,0.0,"819,404","1,774,404","-955,000","1,013,040","2,787,444"
2021-03-15,1.0,東南東,1004.5,171.5,2.7,72,27.9,15.8,21.5,165.1,291.146,0.1,"894,796","1,328,796","-434,000","975,600","2,304,396"
2021-03-16,0.8,東南南,1003.8,207.3,3.4,73,31.5,16.5,22.3,164.96,289.895,0.0,"850,512","2,323,512","-1,473,000","955,080","3,278,592"
2021-03-17,0.7,東南,1004.0,150.6,2.6,83,27.6,18.0,21.2,164.81,288.629,0.2,"865,684","1,989,684","-1,124,000","925,920","2,915,604"
2021-03-18,0.9,西南,1003.5,289.9,1.4,86,24.8,18.4,21.1,164.65,287.219,1.2,"765,976","2,318,976","-1,553,000","921,600","3,240,576"
2021-03-19,0.7,南,1002.1,233.1,2.5,79,28.8,19.0,22.8,164.49,285.836,0.1,"860,108","2,151,108","-1,291,000","891,360","3,042,468"
2021-03-20,1.2,西南南,1001.3,291.7,3.0,77,28.9,19.0,22.6,164.33,284.449,0.4,"687,876","2,148,876","-1,461,000","857,880","3,006,756"
2021-03-21,0.3,西南南,1009.1,727.8,0.0,90,19.1,12.8,15.5,164.16,283.076,7.8,"861,716","2,146,716","-1,285,000","872,280","3,018,996"
2021-03-22,0.2,東南南,1015.0,723.3,1.9,91,13.1,11.5,12.2,164.01,281.727,12.0,"1,025,616","2,309,616","-1,284,000","1,116,000","3,425,616"
2021-03-23,1.8,東,1010.5,151.0,1.8,70,18.6,12.9,16.2,163.91,280.868,0.0,"800,704","1,483,704","-683,000","1,278,720","2,762,424"
2021-03-24,0.5,西北北,1007.0,372.9,7.5,87,17.9,11.7,15.3,163.87,280.587,11.7,"976,536","1,318,536","-342,000","1,329,480","2,648,016"
2021-03-25,0.9,東南東,1008.6,189.1,2.5,80,22.5,10.3,15.6,163.79,279.89,0.1,"669,180","1,863,180","-1,194,000","1,229,400","3,092,580"
2021-03-26,0.9,東南,1005.1,243.0,2.2,79,28.0,15.5,20.4,163.67,278.824,0.0,"691,084","1,797,084","-1,106,000","1,119,960","2,917,044"
2021-03-27,0.6,東南,1001.5,198.6,2.5,78,30.7,16.0,21.9,163.54,277.714,0.0,"614,004","1,634,004","-1,020,000","1,055,520","2,689,524"
2021-03-28,0.7,東南南,998.9,183.2,2.4,81,30.7,18.3,22.8,163.42,276.677,0.1,"651,380","1,924,380","-1,273,000","1,019,880","2,944,260"
2021-03-29,0.7,西南西,997.8,213.6,3.1,80,31.5,19.6,24.2,163.26,275.366,0.0,"659,924","1,929,924","-1,270,000","977,040","2,906,964"
2021-03-30,0.5,南,996.8,212.9,1.9,82,30.9,20.6,24.4,163.1,273.962,8.8,"648,380","1,915,380","-1,267,000","936,360","2,851,740"
2021-03-31,0.3,西,997.6,348.9,0.5,87,27.9,21.2,23.7,162.96,272.825,1.4,"666,024","2,100,024","-1,434,000","956,880","3,056,904"
2021-04-01,0.0,南,997.9,332.9,1.4,82,30.9,21.8,24.8,162.79,271.374,0.0,"590,152","1,936,152","-1,346,000","876,240","2,812,392"
2021-04-02,0.5,西南南,1000.1,348.4,4,78,32.8,20.8,25.2,162.63,269.989,0.0,"592,524","2,104,524","-1,512,000","857,160","2,961,684"
2021-04-03,0.8,西南西,1001.6,390.4,3.2,79,30.9,21.8,24.7,162.44,268.44,0.1,"474,940","1,814,940","-1,340,000","835,920","2,650,860"
2021-04-04,1.2,東南南,1006.6,447.0,1.6,82,22.0,16.7,19.0,162.28,267.121,1.3,"518,140","1,939,140","-1,421,000","803,520","2,742,660"
2021-04-05,1.1,東,1009.6,166.7,4.3,65,22.6,12.5,16.8,162.11,265.665,0.0,"436,348","1,938,348","-1,502,000","786,600","2,724,948"
2021-04-06,1.3,東北,1008.8,215.2,1.2,71,22.6,12.6,17.6,161.92,264.123,0.0,"421,892","1,835,892","-1,414,000","752,760","2,588,652"
2021-04-07,2.5,東南東,1006.8,94.7,4.7,69,24.5,13.5,19.4,161.75,262.65,0.0,"541,932","2,119,932","-1,578,000","734,400","2,854,332"
2021-04-08,0.4,南,1005.2,145.7,0.7,86,21.7,15.7,18.6,161.56,261.077,5.9,"558,748","2,546,748","-1,988,000","738,720","3,285,468"
2021-04-09,0.5,東南南,1009.0,526.5,0.3,92,16.8,15.3,15.8,161.32,259.152,6.7,"534,584","1,855,584","-1,321,000","759,960","2,615,544"
2021-04-10,0.2,西南南,1010.0,338.1,0.3,93,19.4,15.6,17.6,161.18,257.947,2.7,"636,652","2,120,652","-1,484,000","751,680","2,872,332"
2021-04-11,2.0,東,1007.7,191.9,3.4,76,29.0,17.8,23.4,160.96,256.173,1.9,"542,804","2,103,804","-1,561,000","758,520","2,862,324"
2021-04-12,1.4,東南南,1005.5,208.4,2.5,77,31.8,18.6,23.5,160.81,254.862,0.0,"567,036","2,124,036","-1,557,000","720,720","2,844,756"
2021-04-13,0.7,南,1004.7,214.5,0.7,84,31.2,19.2,22.6,160.57,252.989,2.3,"551,216","2,268,216","-1,717,000","717,120","2,985,336"
2021-04-14,0.8,西南南,1005.7,557.8,0.3,91,20.8,17.6,18.9,160.41,251.613,6.6,"586,952","2,135,952","-1,549,000","732,600","2,868,552"
2021-04-15,0.8,南,1003.9,370.5,0.5,87,22.6,18.2,20.1,160.2,249.946,2.5,"720,696","2,265,696","-1,545,000","761,040","3,026,736"
2021-04-16,1.1,西南西,1004.0,428.2,0.9,83,27.3,18.3,21.3,160.03,248.537,0.2,"683,440","2,143,440","-1,460,000","720,720","2,864,160"
2021-04-17,1.0,南,1007.3,413.6,0.6,75,26.0,18.9,21.3,159.84,246.963,1.6,"657,488","2,275,488","-1,618,000","698,040","2,973,528"
2021-04-18,3.5,東南東,1007.8,57.1,7.9,62,21.2,18.7,19.9,159.65,245.443,0.0,"615,300","2,148,300","-1,533,000","674,280","2,822,580"
2021-04-19,3.3,東南東,1004.4,35.3,36.4,61,25.1,18.9,21.4,159.45,243.833,0.4,"458,408","2,148,408","-1,690,000","653,760","2,802,168"
2021-04-20,3.3,東,1003.3,115.2,-,57,27.4,19.9,23.1,159.23,242.103,0.0,"543,740","2,149,740","-1,606,000","648,000","2,797,740"
2021-04-21,2.9,東,1001.8,180.3,0,68,28.8,19.9,23.8,159.03,240.432,15.6,"476,224","2,314,224","-1,838,000","648,000","2,962,224"
2021-04-22,1.7,東南東,997.5,203.1,0,78,29.7,21.8,25.1,158.94,239.866,22.6,"3,144,856","1,466,856","1,678,000","1,137,240","2,604,096"
2021-04-23,0.4,北,998.3,406.8,0,86,26.9,21.0,22.9,159.14,241.36,9.9,"2,116,196","2,036,196","80,000","1,148,760","3,184,956"
2021-04-24,0.9,東,1001.1,331.6,0,76,28.9,19.6,23.3,159.09,241.003,1.9,"1,355,324","1,755,324","-400,000","958,320","2,713,644"
2021-04-25,1.6,東,1003.3,223.3,0,80,24.2,19.3,21.5,159.02,240.385,1.8,"1,085,404","2,044,404","-959,000","851,040","2,895,444"
2021-04-26,2.4,東,1004.2,211.4,0,62,27.0,19.4,23.2,158.88,239.293,1.1,"822,712","2,177,712","-1,355,000","815,760","2,993,472"
2021-04-27,0.7,東,1005.2,182.7,0,79,28.0,18.5,22.0,158.69,237.765,2.1,"853,672","2,046,672","-1,193,000","833,760","2,880,432"
2021-04-28,0.0,西北,1005.1,450.4,62.2,93,23.2,19.9,21.3,158.56,236.758,14.7,"897,552","1,770,552","-873,000","976,320","2,746,872"
2021-04-29,0.1,北,1003.2,856.9,35.1,92,20.9,15.7,19.0,158.54,236.692,18.8,"1,588,000",0,"1,588,000","1,927,440","1,927,440"
2021-04-30,1.3,東南南,1001.7,353.3,4.6,71,32.5,13.4,21.9,158.69,237.782,0.2,"1,291,104","1,768,104","-477,000","1,446,120","3,214,224"
2021-05-01,0.0,東南東,1002.0,237.3,1.3,77,31.5,17.9,23.3,158.62,237.232,0.0,"1,051,724","1,607,724","-556,000","1,230,840","2,838,564"
2021-05-02,1.4,南,1004.6,239.9,0.5,69,32.6,17.7,25.0,158.54,236.537,0.0,"949,048","2,058,048","-1,109,000","1,082,880","3,140,928"
2021-05-03,2.3,東,1003.9,95.4,45.9,76,27.4,21.9,24.9,158.38,235.344,4.6,"740,576","1,611,576","-871,000","1,010,160","2,621,736"
2021-05-04,0.2,東,1001.2,116.0,0.0,80,31.0,23.8,26.4,158.26,234.375,1.5,"796,408","2,058,408","-1,262,000","930,240","2,988,648"
2021-05-05,1.0,東南,1005.1,552.6,0.0,89,24.5,18.8,21.3,158.1,233.109,1.6,"755,348","2,172,348","-1,417,000","888,480","3,060,828"
2021-05-06,1.5,南,1004.9,316.2,0.0,80,30.3,18.9,24.2,157.91,231.625,0.0,"564,660","1,896,660","-1,332,000","851,760","2,748,420"
2021-05-07,0.8,東南南,1002.3,371.5,1.0,76,33.2,22.1,26.6,157.75,230.326,0.0,"646,008","2,053,008","-1,407,000","818,640","2,871,648"
2021-05-08,1.0,西南,1000.0,464.1,1.3,83,31.8,22.2,25.2,157.56,228.848,0.3,"551,100","2,186,100","-1,635,000","792,720","2,978,820"
2021-05-09,0.6,東南南,999.5,441.7,2.7,76,33.1,21.7,26.6,157.34,227.12,0.0,"564,852","2,037,852","-1,473,000","763,560","2,801,412"
2021-05-10,0.6,東南,998.7,516.4,3.2,73,34.8,22.6,27.9,157.16,225.712,0.0,"535,488","2,158,488","-1,623,000","743,760","2,902,248"
2021-05-11,0.8,東南南,998.0,581.5,5.1,74,36.1,23.2,28.2,156.94,224.043,0.0,"468,240","2,235,240","-1,767,000","718,560","2,953,800"
2021-05-12,0.5,東南南,998.5,663.9,4.6,69,37.5,23.6,29.0,156.67,221.975,0.0,"466,972","2,376,972","-1,910,000","699,984","3,076,956"
2021-05-13,0.6,東南南,999.3,643.9,4.2,72,34.9,23.5,28.9,156.45,220.315,0.0,"518,368","2,494,368","-1,976,000","699,840","3,194,208"
2021-05-14,0.7,東南南,999.9,704.2,3.9,76,35.3,24.0,28.5,156.19,218.309,0.0,"421,708","2,235,708","-1,814,000","699,840","2,935,548"
2021-05-15,0.7,東南南,999.3,759.2,3.2,75,35.8,24.4,28.6,155.95,216.516,0.0,"511,004","2,390,004","-1,879,000","671,040","3,061,044"
2021-05-16,0.6,東南南,998.8,726.2,4.0,72,37.4,24.6,29.7,155.69,214.577,0.0,"448,228","2,391,228","-1,943,000","660,960","3,052,188"
2021-05-17,0.5,東南,1000.0,725.8,3.6,72,35.5,24.6,28.9,155.43,212.617,0.0,"405,512","2,485,512","-2,080,000","633,600","3,119,112"
2021-05-18,0.5,東南南,1000.3,876.7,1.4,82,34.8,24.4,27.0,155.17,210.673,10.0,"694,392","2,245,392","-1,551,000","727,200","2,972,592"
2021-05-19,0.5,東北,999.0,1042.8,1.1,84,35.2,23.9,26.8,154.95,209.052,6.9,"417,396","1,818,396","-1,401,000","873,720","2,692,116"
2021-05-20,0.8,東南,998.6,803.6,3.8,74,35.4,23.7,28.2,154.76,207.656,0.0,"490,248","2,398,248","-1,908,000","822,600","3,220,848"
2021-05-21,0.4,東南,998.4,701.4,3.3,75,35.2,23.7,28.4,154.5,205.761,0.6,"516,852","2,415,852","-1,899,000","667,440","3,083,292"
2021-05-22,0.5,東南南,997.8,760.8,3.3,75,34.8,24.5,28.5,154.23,203.764,0.0,"394,172","2,429,172","-2,035,000","650,880","3,080,052"
2021-05-23,0.6,東南南,998.7,1009.8,2.3,80,35.6,24.6,28.0,153.96,201.797,7.9,"483,660","2,148,660","-1,665,000","645,120","2,793,780"
2021-05-24,0.8,東南,1000.5,698.9,11.3,86,35.6,23.0,26.4,153.93,201.836,93.1,"4,502,000",0,"4,502,000","1,472,040","1,472,040"
2021-05-25,0.7,東南南,1001.1,1087.9,7.3,83,33.2,22.5,26.2,154.55,206.188,6.7,"2,484,560","1,240,560","1,244,000","1,315,080","2,555,640"
2021-05-26,0.5,東南,998.8,891.0,4.5,78,34.0,23.2,27.8,154.6,206.536,0.2,"1,348,600","1,641,600","-293,000","1,110,960","2,752,560"
2021-05-27,0.7,東南東,998.0,853.5,4.5,73,36.9,24.1,29.2,154.52,205.916,0.0,"967,752","2,137,752","-1,170,000","918,720","3,056,472"
2021-05-28,0.9,西南南,997.7,856.7,4.7,74,37.6,24.9,29.6,154.35,204.656,2.3,"886,016","2,270,016","-1,384,000","864,720","3,134,736"
2021-05-29,0.4,東北東,996.7,1186.3,1.2,86,28.5,23.7,25.8,154.15,203.209,1.5,"672,056","1,978,056","-1,306,000","853,920","2,831,976"
2021-05-30,0.3,西北,994.7,851.1,0.7,90,29.5,23.4,25.3,154.01,202.28,50.6,"1,886,208","1,088,208","798,000","2,907,000","3,995,208"
2021-05-31,0.2,東北,996.4,985.0,4.2,92,25.7,22.7,24.0,154.4,205.264,46.9,"6,000,000",0,"6,000,000","5,947,200","5,947,200"
2021-06-01,0.4,東南,997.7,689.2,7.5,84,32.6,22.5,25.7,155.38,212.402,26.5,"6,616,000",0,"6,616,000","5,515,200","5,515,200"
2021-06-02,0.6,東南東,998.2,645.2,8.1,83,34.7,23.1,26.7,156.23,218.931,58.8,"8,667,000",0,"8,667,000","6,746,400","6,746,400"
2021-06-03,0.4,東南東,996.3,831.9,3.8,75,36.9,24.1,29.2,157.4,227.725,0.1,"5,145,250",0,"5,145,250","6,224,400","6,224,400"
2021-06-04,0.5,東南東,994.6,784.3,8.3,86,33.5,23.7,26.3,158.55,237.578,158.4,"26,109,000",0,"26,109,000","13,334,400","13,334,400"
2021-06-05,0.3,西北北,994.0,364.3,6.2,90,27.3,21.7,24.3,161.91,264.338,43.3,"14,725,000",0,"14,725,000","11,430,000","11,430,000"
2021-06-06,0.2,東南南,996.5,1236.3,1.6,90,25.1,21.7,23.5,163.29,275.818,5.9,"8,385,000",0,"8,385,000","8,347,680","8,347,680"
2021-06-07,0.5,東,999.9,761.6,0.9,84,31.6,22.3,25.6,163.96,281.439,0.5,"3,933,000",0,"3,933,000","6,789,600","6,789,600"
2021-06-08,0.6,東北東,1000.3,1272.9,2.5,78,33.8,23.0,27.2,164.33,284.564,0.4,"2,577,000",0,"2,577,000","5,292,000","5,292,000"
2021-06-09,0.5,東北,999.0,1230.9,2.3,78,32.7,23.7,27.2,164.58,286.719,0.1,"1,810,000",0,"1,810,000","5,148,000","5,148,000"
2021-06-10,0.6,東北,997.4,1147.9,1.4,80,35.2,22.9,27.1,164.78,288.478,10.4,"1,989,000",0,"1,989,000","5,742,000","5,742,000"
2021-06-11,0.4,東北,998.1,1096.1,3.9,76,33.5,23.4,28.3,164.99,290.206,0.2,"1,300,000",0,"1,300,000","4,932,000","4,932,000"
2021-06-12,0.5,東北東,1000.2,837.2,3.9,77,35.3,24.2,28.5,165.09,291.034,6.7,"1,400,764","1,486,764","-86,000","5,918,400","7,405,164"
2021-06-13,0.3,東北北,999.7,449.0,2.9,80,35.2,24.3,28.4,165.09,291.041,1.7,"1,400,700","1,487,700","-87,000","6,829,200","8,316,900"
2021-06-14,0.2,北,995.7,422.9,3.5,76,36.2,24.5,29.2,165.07,290.856,0.0,"1,228,060","1,488,060","-260,000","4,305,600","5,793,660"
2021-06-15,0.7,西北,993.4,556.0,4.3,75,35.0,24.4,29.4,165.02,290.415,0.0,"882,644","1,489,644","-607,000","3,432,600","4,922,244"
2021-06-16,1.1,西北北,994.3,634.3,6.2,72,36.1,24.8,29.7,164.95,289.82,0.0,"885,588","1,491,588","-606,000","2,866,320","4,357,908"
2021-06-17,0.6,東北,995.7,643.5,5.7,72,37.7,23.6,30.0,164.87,289.163,0.0,"710,752","1,489,752","-779,000","2,643,840","4,133,592"
2021-06-18,0.7,北,994.4,584.6,5.4,72,37.3,24.9,30.3,164.77,288.323,0.0,"716,784","1,493,784","-777,000","2,412,000","3,905,784"
2021-06-19,0.6,西北,992.4,613.7,4.8,71,38.7,24.9,30.4,164.68,287.47,0.0,"633,052","1,496,052","-863,000","2,209,680","3,705,732"
2021-06-20,0.5,東北北,991.5,502.4,4.7,73,37.4,24.9,29.8,164.58,286.608,5.4,"548,376","1,496,376","-948,000","2,101,680","3,598,056"
2021-06-21,0.4,東南東,992.1,382.1,4.8,73,36.0,25.4,29.7,164.47,285.736,1.5,"635,800","1,495,800","-860,000","1,895,760","3,391,560"
2021-06-22,0.4,東南南,994.6,165.1,0.8,85,31.0,24.1,26.9,164.38,284.886,32.9,"1,272,468","2,475,468","-1,203,000","2,036,880","4,512,348"
2021-06-23,0.3,南,997.5,118.1,0.3,91,28.0,22.5,24.5,164.28,284.091,32.1,"1,926,924","1,497,924","429,000","3,848,760","5,346,684"
2021-06-24,0.3,南,997.5,118.1,0.3,91,28.0,22.5,24.5,164.44,285.488,14.8,"4,021,236","2,473,236","1,548,000","5,630,400","8,103,636"
2021-06-25,0.0,東北北,997.0,146.8,1.9,87,29.6,23.1,25.4,164.46,285.639,3.5,"1,924,504","1,494,504","430,000","4,003,200","5,497,704"
2021-06-26,0.2,東北北,996.8,306.9,2.7,80,32.5,23.9,27.5,164.48,285.804,0.0,"1,408,324","1,494,324","-86,000","3,090,600","4,584,924"
2021-06-27,0.0,東,995.4,408.6,2.0,78,34.7,23.8,27.8,164.46,285.606,10.6,"1,321,892","1,493,892","-172,000","2,912,400","4,406,292"
2021-06-28,0.1,東北東,993.7,357.3,1.8,77,34.8,23.6,28.0,164.44,285.438,0.2,"1,237,044","1,495,044","-258,000","2,795,040","4,290,084"
2021-06-29,0.1,東北,994.3,378.6,2.5,77,36.2,24.7,28.6,164.39,285.015,0.0,"978,828","1,494,828","-516,000","2,487,600","3,982,428"
2021-06-30,0.3,東南東,995.5,398.7,2.9,77,35.0,24.7,29.1,164.32,284.428,0.0,"809,700","1,496,700","-687,000","2,241,360","3,738,060"
2021-08-01,0.2,東北,988.2,316.3,0.4,84,30.7,24.3,27.3,164.24,283.712,0.0,"727,724","1,499,724","-772,000","2,055,600","3,555,324"
2021-08-01,0.2,東北,988.2,316.3,0.4,84,30.7,24.3,27.3,166.01,299.192,0.8,"2,898,000",0,"2,898,000","7,221,600","7,221,600"
2021-08-02,0.3,北,988.4,1004.2,0.6,86,31.7,24.5,26.6,166.27,301.464,11.9,"2,113,000",0,"2,113,000","6,181,200","6,181,200"
2021-08-02,0.3,北,988.4,1004.2,0.6,86,31.7,24.5,26.6,164.15,282.965,3.5,"812,960","1,497,960","-685,000","2,028,960","3,526,920"
2021-08-03,0.3,東北,989.0,201.0,7.6,89,30.9,24.3,25.9,166.56,304.092,55.7,"5,562,932","1,318,932","4,244,000","10,087,200","11,406,132"
2021-08-03,0.3,東北,989.0,201.0,7.6,89,30.9,24.3,25.9,164.06,282.205,0.0,"642,248","1,498,248","-856,000","1,807,200","3,305,448"
2021-08-04,0.4,東,990.2,268.8,3.4,83,32.7,24.4,27.2,166.95,307.423,12.8,"7,180,860","6,736,860","444,000","12,916,800","19,653,660"
2021-08-04,0.4,東,990.2,268.8,3.4,83,32.7,24.4,27.2,163.96,281.321,0.5,"646,552","1,500,552","-854,000","1,679,040","3,179,592"
2021-08-05,0.2,東南,989.3,828.9,0.8,86,31.8,24.1,26.9,166.82,306.226,1.8,"4,443,832","6,746,832","-2,303,000","10,364,400","17,111,232"
2021-08-05,0.2,東南,989.3,828.9,0.8,86,31.8,24.1,26.9,163.85,280.399,3.0,"476,056","1,501,056","-1,025,000","1,566,000","3,067,056"
2021-08-06,0.1,東北北,988.1,719.1,0.5,91,27.1,24.4,25.4,163.74,279.46,5.5,"649,488","1,501,488","-852,000","1,547,280","3,048,768"
2021-08-06,0.1,東北北,988.1,719.1,0.5,91,27.1,24.4,25.4,166.48,303.202,7.3,"3,322,904","6,764,904","-3,442,000","7,084,800","13,849,704"
2021-08-07,1.1,西北北,988.3,160.4,0.1,90,26.3,23.7,24.6,163.65,278.64,5.4,"472,352","1,493,352","-1,021,000","1,440,360","2,933,712"
2021-08-07,1.1,西北北,988.3,160.4,0.1,90,26.3,23.7,24.6,166.32,302.001,86.5,"10,782,856","6,632,856","4,150,000","12,589,200","19,222,056"
2021-08-08,0.7,東北,994.6,399.1,1.5,78,34.9,23.2,28.1,163.52,277.534,0.0,"569,512","1,504,512","-935,000","1,383,120","2,887,632"
2021-08-08,0.7,東北,994.6,399.1,1.5,78,34.9,23.2,28.1,166.96,307.579,14.1,"9,395,312","6,735,312","2,660,000","12,369,600","19,104,912"
2021-08-09,0.3,東南,996.9,633.1,1.4,85,33.2,24.9,27.6,163.39,276.475,0.0,"523,688","1,796,688","-1,273,000","1,331,280","3,127,968"
2021-08-09,0.3,東南,996.9,633.1,1.4,85,33.2,24.9,27.6,166.97,307.556,5.9,"4,961,716","6,736,716","-1,775,000","8,071,200","14,807,916"
2021-08-10,0.4,東南,998.0,1343.6,0.4,84,32.7,24.1,27.2,166.69,305.109,5.2,"4,166,360","6,732,360","-2,566,000","9,118,800","15,851,160"
2021-08-10,0.4,東南,998.0,1343.6,0.4,84,32.7,24.1,27.2,163.24,275.192,0.0,"581,124","1,766,124","-1,185,000","1,273,680","3,039,804"
2021-08-11,0.4,東南,999.5,1196.8,0.6,82,34.9,24.4,27.6,163.1,273.983,0.0,"448,396","1,800,396","-1,352,000","1,190,160","2,990,556"
2021-08-11,0.4,東南,999.5,1196.8,0.6,82,34.9,24.4,27.6,166.65,304.784,7.9,"2,862,748","2,420,748","442,000","9,745,200","12,165,948"
2021-08-12,0.3,東南東,999.2,741.0,1.5,81,35.1,24.2,27.7,162.94,272.642,0.0,"450,000","1,800,000","-1,350,000","1,159,200","2,959,200"
2021-08-12,0.3,東南東,999.2,741.0,1.5,81,35.1,24.2,27.7,166.68,304.983,4.5,"2,351,396","2,439,396","-88,000","7,570,800","10,010,196"
2021-08-13,0.4,東南南,996.9,1275.6,3.4,85,34.8,24.4,27.0,166.59,304.169,17.6,"2,644,472","3,263,472","-619,000","7,099,200","10,362,672"
2021-08-13,0.4,東南南,996.9,1275.6,3.4,85,34.8,24.4,27.0,162.78,271.276,0.0,"412,648","1,926,648","-1,514,000","1,081,440","3,008,088"
2021-08-14,0.4,南,997.4,1155.4,1.7,81,35.0,24.1,27.9,162.61,269.79,0.0,"416,628","1,928,628","-1,512,000","974,160","2,902,788"
2021-08-14,0.4,南,997.4,1155.4,1.7,81,35.0,24.1,27.9,166.6,304.242,1.2,"2,087,260","2,440,260","-353,000","5,914,800","8,355,060"
2021-08-15,0.2,東南東,1001.0,497.7,1.5,82,32.3,24.8,27.9,166.46,303.025,1.8,"1,699,764","3,286,764","-1,587,000","4,914,000","8,200,764"
2021-08-15,0.2,東南東,1001.0,497.7,1.5,82,32.3,24.8,27.9,162.42,268.241,0.0,"409,356","2,083,356","-1,674,000","869,040","2,952,396"
2021-08-16,0.4,北,1002.5,784.1,1.2,81,35.8,24.7,28.4,162.22,266.588,1.2,"428,628","2,099,628","-1,671,000","810,720","2,910,348"
2021-08-16,0.4,北,1002.5,784.1,1.2,81,35.8,24.7,28.4,166.26,301.277,4.8,"1,618,652","3,290,652","-1,672,000","4,741,200","8,031,852"
2021-08-17,0.4,北,1000.5,456.8,2.5,77,35.7,24.6,28.3,166.08,299.639,28.1,"1,893,032","3,298,032","-1,405,000","5,896,800","9,194,832"
2021-08-17,0.4,北,1000.5,456.8,2.5,77,35.7,24.6,28.3,162.03,264.977,0.2,"433,592","2,099,592","-1,666,000","847,440","2,947,032"
2021-08-18,0.3,東,999.2,927.1,1.6,84,33.1,23.4,26.1,165.95,298.658,21.6,"4,676,980","4,150,980","526,000","8,384,400","12,535,380"
2021-08-18,0.3,東,999.2,927.1,1.6,84,33.1,23.4,26.1,161.82,263.201,0.0,"352,984","2,346,984","-1,994,000","877,680","3,224,664"
2021-08-19,0.3,東北東,999.5,488.8,6.0,85,34.5,23.1,25.8,166.05,299.5,15.6,"4,886,328","4,271,328","615,000","10,234,800","14,506,128"
2021-08-19,0.3,東北東,999.5,488.8,6.0,85,34.5,23.1,25.8,161.27,258.641,6.4,"880,432","6,579,432","-5,699,000","831,600","7,411,032"
2021-08-20,0.0,東南東,1000.0,665.5,3.7,79,35.1,22.9,27.2,166.08,299.697,1.0,"3,224,576","5,567,832","-2,343,256","8,344,800","13,912,632"
2021-08-20,0.0,東南東,1000.0,665.5,3.7,79,35.1,22.9,27.2,160.58,252.963,4.1,"984,284","6,628,284","-5,644,000","835,200","7,463,484"
2021-08-21,0.1,東南東,999.1,755.2,4.0,78,34.9,23.6,28.1,159.89,247.342,59.7,"1,588,244","6,776,244","-5,188,000","1,013,760","7,790,004"
2021-08-21,0.1,東南東,999.1,755.2,4.0,78,34.9,23.6,28.1,165.91,298.238,0.0,"2,211,512","4,141,512","-1,930,000","6,058,800","10,200,312"
2021-08-22,0.4,東南,997.6,1071.1,2.5,80,35.6,24.5,28.2,159.44,243.677,88.2,"8,409,284","13,873,284","-5,464,000","6,950,880","20,824,164"
2021-08-22,0.4,東南,997.6,1071.1,2.5,80,35.6,24.5,28.2,165.66,296.025,0.0,"1,767,840","4,128,840","-2,361,000","4,820,400","8,949,240"
2021-08-23,0.2,東北東,997.5,1256.2,3.3,78,34.6,24.3,28.6,158.58,237.131,109.9,"20,353,896","18,832,896","1,521,000","21,006,000","39,838,896"
2021-08-23,0.2,東北東,997.5,1256.2,3.3,78,34.6,24.3,28.6,165.52,294.809,0.0,"1,310,940","2,444,940","-1,134,000","3,798,000","6,242,940"
2021-08-24,0.4,北,998.6,1407.8,3.6,82,35.3,24.6,27.6,161.96,265.395,168.1,"48,091,640","5,597,640","42,494,000","54,057,600","59,655,240"
2021-08-24,0.4,北,998.6,1407.8,3.6,82,35.3,24.6,27.6,165.38,293.603,5.5,"1,102,004","1,886,004","-784,000","4,032,000","5,918,004"
2021-08-25,0.3,東北北,1000.3,1007.6,1.2,81,35.5,24.0,27.4,164.78,288.565,0.0,"8,029,000",0,"8,029,000","20,091,600","20,091,600"
2021-08-25,0.3,東北北,1000.3,1007.6,1.2,81,35.5,24.0,27.4,165.3,292.88,10.7,"959,364","1,481,364","-522,000","3,582,000","5,063,364"
2021-08-26,1.5,東,1002.1,968.3,7.4,72,33.9,23.9,28.3,165.24,292.377,1.4,"873,220","1,481,220","-608,000","3,256,200","4,737,420"
2021-08-26,1.5,東,1002.1,968.3,7.4,72,33.9,23.9,28.3,165.35,293.407,0.6,"3,135,000",0,"3,135,000","9,633,600","9,633,600"
2021-08-27,0.5,東南東,1002.0,1106.6,5.0,72,34.6,23.5,28.3,165.57,295.257,0.1,"2,337,424","2,861,424","-524,000","6,904,800","9,766,224"
2021-08-27,0.5,東南東,1002.0,1106.6,5.0,72,34.6,23.5,28.3,165.16,291.703,0.0,"789,064","1,484,064","-695,000","2,800,440","4,284,504"
2021-08-28,1.5,東,1001.3,961.0,5.9,71,34.1,23.6,28.7,165.08,290.94,0.0,"704,216","1,485,216","-781,000","2,714,760","4,199,976"
2021-08-28,1.5,東,1001.3,961.0,5.9,71,34.1,23.6,28.7,165.47,294.329,0.0,"1,597,568","2,033,568","-436,000","5,857,200","7,890,768"
2021-08-29,2.2,東,1001.2,977.3,9.2,64,33.4,26.0,29.6,164.98,290.116,1.9,"620,440","1,486,440","-866,000","2,504,160","3,990,600"
2021-08-29,2.2,東,1001.2,977.3,9.2,64,33.4,26.0,29.6,165.44,294.093,13.0,"1,570,092","1,483,092","87,000","5,803,200","7,286,292"
2021-08-30,2.2,東,1001.6,920.2,3.7,63,34.5,25.3,29.8,164.89,289.343,2.1,"571,136","917,136","-346,000","2,301,840","3,218,976"
2021-08-30,2.2,東,1001.6,920.2,3.7,63,34.5,25.3,29.8,165.44,294.122,0.6,"1,124,584","1,036,584","88,000","4,996,800","6,033,384"
2021-08-31,2.0,東北東,1001.0,1087.3,3.2,69,33.1,25.6,29.1,165.55,295.174,64.3,"3,584,000",0,"3,584,000","8,154,000","8,154,000"
2021-08-31,2.0,東北東,1001.0,1087.3,3.2,69,33.1,25.6,29.1,164.86,289.044,0.4,"495,244","755,244","-260,000","2,192,760","2,948,004"
2021-09-01,1.3,東南東,1000.2,1056.9,3.6,69,35.1,24.4,29.2,164.82,288.748,0.0,"407,552","753,552","-346,000","2,030,040","2,783,592"
2021-09-02,0.1,東北東,998.4,263.5,0.1,69,31.4,24.9,27.5,164.78,288.417,0.0,"410,712","755,712","-345,000","1,841,760","2,597,472"
2021-09-03,0.7,東南南,998.0,1029.0,1.2,76,36.2,24.0,27.9,164.74,288.053,1.6,"522,084","1,041,084","-519,000","1,780,560","2,821,644"
2021-09-04,0.5,東南,999.5,944.0,0.5,84,33.6,23.1,26.6,164.68,287.546,1.9,"573,756","918,756","-345,000","1,700,640","2,619,396"
2021-09-05,1.6,東,999.6,1031.5,1.1,72,33.7,23.2,28.6,164.63,287.125,0.9,"441,000","1,044,000","-603,000","1,584,000","2,628,000"
2021-09-06,0.6,東南南,1001.1,1274.4,1.4,78,35.8,24.9,28.9,164.56,286.45,1.5,"427,516","1,203,516","-776,000","1,618,200","2,821,716"
2021-09-07,1.0,東南東,1000.5,970.4,1.0,73,36.5,24.0,29.0,164.47,285.707,0.0,"432,324","1,206,324","-774,000","1,537,920","2,744,244"
2021-09-08,1.4,東南東,999.4,1044.8,1.6,67,36.1,24.1,29.4,164.36,284.789,0.0,"387,432","1,332,432","-945,000","1,512,000","2,844,432"
2021-09-09,1.9,東,999.5,1053.6,1.8,63,34.3,23.3,29.1,164.24,283.723,4.8,"522,296","2,494,296","-1,972,000","1,406,160","3,900,456"
2021-09-10,3.0,東,997.0,517.2,0.5,59,35.2,27.4,30.8,163.96,281.278,4.8,"584,484","3,062,484","-2,478,000","1,368,000","4,430,484"
2021-09-11,3.4,東南東,991.6,1189.2,1.7,70,31.7,25.7,28.3,163.58,278.058,23.2,"995,028","4,229,028","-3,234,000","1,441,440","5,670,468"
2021-09-12,4.0,西南南,986.5,226.1,0.3,84,27.4,24.2,25.4,163.64,279.023,169.9,"18,827,944","6,922,944","11,905,000","15,025,320","21,948,264"
2021-09-13,0.9,西南,995.2,1356.3,1.6,71,35.3,24.0,29.2,165.14,291.596,0.0,"8,484,876","2,841,876","5,643,000","10,441,080","13,282,956"
2021-09-14,0.6,南,1000.5,1129.9,0.8,75,34.9,24.2,29.0,165.58,295.373,0.0,"2,776,852","768,852","2,008,000","4,642,200","5,411,052"
2021-09-15,0.2,東南東,1000.5,344.6,0.1,78,32.0,24.7,27.5,165.72,296.587,0.0,"1,737,820","1,475,820","262,000","3,243,600","4,719,420"
2021-09-16,0.4,東,999.5,1247.2,0.6,84,33.9,24.0,26.7,165.73,296.623,2.5,"1,388,928","1,475,928","-87,000","2,882,160","4,358,088"
2021-09-17,0.3,東南,1000.5,1300.6,0.5,84,34.4,23.3,27.0,165.71,296.492,16.1,"1,476,900","1,476,900",0,"2,763,360","4,240,260"
2021-09-18,0.0,東南東,1001.9,988.2,0.6,82,34.8,23.4,27.5,165.7,296.361,0.2,"1,040,368","1,477,368","-437,000","2,491,200","3,968,568"
2021-09-19,0.2,東南,1001.5,1025.7,0.8,78,36.2,23.9,28.6,165.64,295.868,0.0,"954,096","1,479,096","-525,000","2,348,640","3,827,736"
2021-09-20,0.4,東,1000.6,1170.5,0.7,75,36.7,24.1,28.7,165.57,295.22,0.0,"780,232","1,478,232","-698,000","2,135,880","3,614,112"
2021-09-21,0.6,東南,1000.0,917.6,1.0,81,35.2,23.5,27.4,165.5,294.606,10.8,"1,042,772","1,478,772","-436,000","2,243,160","3,721,932"
2021-09-22,0.6,東南南,1002.1,1068.3,1.1,79,35.8,23.1,27.2,165.45,294.195,2.0,"1,044,428","1,480,428","-436,000","2,379,600","3,860,028"
2021-09-23,1.8,東,1004.1,1040.1,1.6,73,33.7,23.4,28.3,165.39,293.632,0.2,"696,500","1,480,500","-784,000","2,018,160","3,498,660"
2021-09-24,2.1,東南東,1004.6,1002.4,1.6,78,33.5,24.3,27.4,165.3,292.859,14.5,"786,516","1,482,516","-696,000","1,890,000","3,372,516"
2021-09-25,1.9,東南東,1003.7,1047.7,1.3,74,30.2,24.4,26.8,165.26,292.561,2.4,"1,396,632","1,483,632","-87,000","1,844,640","3,328,272"
2021-09-26,1.3,東南東,1002.2,905.0,1.6,71,32.8,23.0,27.2,165.22,292.163,0.7,"876,460","1,484,460","-608,000","1,675,440","3,159,900"
2021-09-27,1.0,東南東,1000.4,859.7,1.4,72,33.8,23.8,27.9,165.14,291.486,0.0,"702,632","1,483,632","-781,000","1,589,760","3,073,392"
2021-09-28,0.7,東南東,999.3,720.4,1.1,73,32.2,22.0,26.4,165.05,290.686,0.0,"705,720","1,485,720","-780,000","1,507,680","2,993,400"
2021-09-29,0.5,東南南,997.7,722.1,1.0,72,35.3,19.7,26.5,164.95,289.805,0.0,"532,144","1,485,144","-953,000","1,452,600","2,937,744"
2021-09-30,0.6,西南,998.2,844.3,0.9,71,35.2,21.0,27.3,164.84,288.893,0.0,"535,512","1,486,512","-951,000","1,383,120","2,869,632"
2021-10-01,0.4,東南南,999.8,915.9,20.6,82,32.3,23.5,26.5,164.72,287.83,0.8,"542,732","1,491,732","-949,000","1,340,640","2,832,372"
2021-10-02,1.4,東南東,1002.0,836.1,3.1,70,34.6,22.2,27.4,164.61,286.877,0.0,"542,364","1,490,364","-948,000","1,313,280","2,803,644"
2021-10-03,2.5,東,1003.4,710.8,7.8,61,32.7,22.3,28.1,164.49,285.847,0.0,"457,940","1,490,940","-1,033,000","1,244,880","2,735,820"
2021-10-04,3.3,東,1003.5,715.3,13.9,61,33.4,25.4,29.1,164.36,284.757,3.9,"491,668","1,780,668","-1,289,000","1,212,480","2,993,148"
2021-10-05,3.1,東南東,1002.8,700.6,7.4,62,32.8,24.4,28.1,164.22,283.548,12.6,"667,784","1,781,784","-1,114,000","1,373,040","3,154,824"
2021-10-06,3.5,東南東,999.8,810.9,6.1,62,32.3,26.2,28.6,164.09,282.458,18.0,"845,580","1,787,580","-942,000","1,271,160","3,058,740"
2021-10-07,3.1,東,998.3,692.9,5.5,59,33.1,24.9,29.1,163.99,281.552,4.1,"679,136","1,790,136","-1,111,000","1,165,680","2,955,816"
2021-10-08,2.8,東,999.2,736.5,5.3,63,32.2,25.3,28.5,163.86,280.445,1.4,"717,032","1,912,032","-1,195,000","1,106,640","3,018,672"
2021-10-09,3.4,東,1000.6,898.6,3.9,66,31.7,25.6,28.2,163.72,279.265,8.1,"808,208","1,916,208","-1,108,000","1,119,600","3,035,808"
2021-10-10,2.6,東南東,999.4,715.2,4.6,65,32.9,24.7,28.5,163.6,278.267,9.2,"944,168","1,794,168","-850,000","1,078,560","2,872,728"
2021-10-11,2.3,東南,995.3,852.4,24.1,89,27.4,24.1,25.4,163.87,280.814,142.7,"11,561,292","2,489,292","9,072,000","10,176,480","12,665,772"
2021-10-12,3.8,東,993.5,1386.0,32.4,78,28.8,25.1,27.2,165.89,298.227,72.8,"23,197,504","6,795,504","16,402,000","46,656,000","53,451,504"
2021-10-13,1.7,東,998.7,803.4,12.5,82,27.0,24.8,26.1,166.83,306.581,74.7,"15,702,348","6,744,348","8,958,000","38,588,400","45,332,748"
2021-10-14,3.3,東,1000.6,1216.0,3.9,69,28.4,25.3,27.0,167.93,316.271,15.1,"12,862,060","6,690,060","6,172,000","16,275,600","22,965,660"
2021-10-15,3.2,東南東,1001.0,915.7,6.6,60,31.1,25.4,28.0,168.13,317.918,0.9,"5,862,980","6,670,980","-808,000","9,385,200","16,056,180"
2021-10-16,2.1,東,1004.7,985.7,10.6,71,31.9,21.2,26.4,167.96,316.614,106.0,"9,635,100","6,938,100","2,697,000","7,974,000","14,912,100"
2021-10-17,0.2,西北,1011.5,101.0,5.6,93,21.4,18.5,19.5,168.98,325.63,42.9,"20,549,920","14,857,920","5,692,000","16,509,600","31,367,520"
2021-10-18,0.0,東,1009.0,1328.7,1.1,84,23.4,18.7,20.5,168.3,319.335,1.4,"10,485,600","20,397,600","-9,912,000","9,651,600","30,049,200"
2021-10-19,0.0,東南,1008.6,1060.4,0.6,85,25.1,19.6,21.6,167.58,312.922,0.1,"5,135,664","10,757,664","-5,622,000","6,566,400","17,324,064"
2021-10-20,0.5,東,1006.2,1144.0,0.9,82,28.0,20.6,23.4,166.9,306.841,0.8,"3,513,988","9,101,988","-5,588,000","4,928,400","14,030,388"
2021-10-21,0.0,西北西,1005.5,1000.7,2.3,91,22.4,19.0,21.0,166.39,302.357,12.9,"2,716,024","6,771,024","-4,055,000","4,208,400","10,979,424"
2021-10-22,0.0,西南,1010.1,1189.1,5.1,91,19.7,18.2,19.0,166.0,299.061,40.5,"5,588,712","6,731,712","-1,143,000","5,007,600","11,739,312"
2021-10-23,0.5,東南東,1010.9,1204.0,3.6,88,19.8,17.9,18.8,166.31,301.802,15.5,"5,792,900","2,448,900","3,344,000","6,494,400","8,943,300"
2021-10-24,0.0,西北北,1008.6,742.0,5.7,90,20.7,18.8,19.7,166.53,303.713,33.0,"6,340,620","4,132,620","2,208,000","6,159,600","10,292,220"
2021-10-25,0.0,西南西,1007.6,1561.2,4.8,90,21.3,19.6,20.3,166.92,307.21,22.5,"8,463,328","4,118,328","4,345,000","6,584,400","10,702,728"
2021-10-26,1.4,東南東,1006.7,1290.2,2.0,79,25.3,19.5,22.1,167.12,308.932,1.0,"5,847,672","6,735,672","-888,000","5,814,000","12,549,672"
2021-10-27,1.3,東南東,1008.1,1345.8,1.7,74,24.0,20.5,22.1,166.9,306.869,0.1,"3,821,228","6,747,228","-2,926,000","4,605,120","11,352,348"
2021-10-28,0.9,東南東,1009.3,397.8,2.7,69,26.4,18.5,22.0,166.55,303.852,0.0,"2,553,348","4,233,348","-1,680,000","3,740,400","7,973,748"
2021-10-29,0.2,東北北,1009.6,1074.8,0.8,85,22.5,17.9,19.6,166.58,304.121,0.5,"1,647,024","1,470,024","177,000","3,204,000","4,674,024"
2021-10-30,0.0,東北北,1010.0,1484.6,0.4,90,21.5,18.9,19.9,166.59,304.176,1.9,"1,382,960","1,470,960","-88,000","2,884,680","4,355,640"
2021-10-31,0.9,東,1009.7,1308.4,0.8,83,25.9,19.2,21.6,166.57,303.992,6.3,"1,207,220","1,472,220","-265,000","2,781,000","4,253,220"
2021-11-01,0.8,東南東,1010.1,1393.9,0.9,83,25.8,19.8,21.3,166.57,304.084,1.5,"1,060,000",0,"1,060,000","2,609,280","2,609,280"
2021-11-02,1.1,東,1008.5,510.3,10.4,81,22.5,20.3,21.2,166.68,305.031,3.1,"884,000",0,"884,000","2,525,760","2,525,760"
2021-11-03,0.6,東南東,1007.3,1469.1,2.4,80,23.9,20.2,21.8,166.77,305.853,3.3,"961,388","341,388","620,000","2,455,920","2,797,308"
2021-11-04,0.7,東南東,1005.6,1101.3,1.5,78,25.1,20.7,22.6,166.84,306.414,3.4,"873,208","341,208","532,000","2,442,960","2,784,168"
2021-11-05,0.5,東南,1002.1,1112.0,2.4,77,32.0,19.9,24.8,166.9,306.939,0.2,"1,110,316","755,316","355,000","2,334,240","3,089,556"
2021-11-06,0.8,南,1000.7,1119.3,2.4,76,30.5,21.4,25.0,166.93,307.29,0.0,"904,376","461,376","443,000","2,121,120","2,582,496"
2021-11-07,1.1,東,1002.4,877.4,3.2,73,30.7,19.8,24.4,166.98,307.719,0.0,"815,296","460,296","355,000","1,927,800","2,388,096"
2021-11-08,0.2,東南,1007.6,1429.5,4.7,88,22.2,14.4,18.2,167.08,308.625,32.9,"2,150,528","462,528","1,688,000","3,029,760","3,492,288"
2021-11-09,0.2,東北,1010.2,1310.3,0.5,80,17.3,14.0,15.2,167.25,310.025,1.2,"1,766,836","1,855,836","-89,000","2,745,000","4,600,836"
2021-11-10,0.1,東北北,1009.0,1147.9,1.0,74,21.1,12.1,15.8,167.22,309.762,0.0,"1,448,528","1,893,528","-445,000","2,273,760","4,167,288"
2021-11-11,1.7,東南東,1008.4,513.7,2.9,71,24.8,11.8,17.4,167.15,309.177,0.0,"1,239,480","1,860,480","-621,000","2,015,280","3,875,760"
2021-11-12,1.3,東,1010.2,832.8,0.7,84,18.4,16.2,17.2,167.06,308.388,7.1,"1,100,544","2,165,544","-1,065,000","1,915,920","4,081,464"
2021-11-13,1.0,東南南,1008.9,1142.2,2.6,89,19.9,16.2,17.4,166.91,307.05,17.3,"1,544,264","2,697,264","-1,153,000","2,109,600","4,806,864"
2021-11-14,0.0,東南南,1009.2,880.4,1.4,89,18.9,16.1,17.2,166.87,306.706,1.9,"1,153,000",0,"1,153,000","1,980,720","1,980,720"
2021-11-15,1.6,東南東,1007.8,815.2,1.4,74,23.9,16.9,20.0,166.96,307.515,0.0,"1,275,632","1,186,632","89,000","1,882,080","3,068,712"
2021-11-16,1.6,東,1007.0,536.0,2.8,64,27.7,20.9,23.4,166.93,307.205,0.0,"1,037,676","1,304,676","-267,000","1,765,800","3,070,476"
2021-11-17,1.9,東,1006.0,462.4,1.8,75,25.3,20.3,22.4,166.94,307.275,1.6,"936,812","1,024,812","-88,000","1,685,520","2,710,332"
2021-11-18,0.3,西北,1003.7,1138.8,0.6,92,20.4,18.6,19.7,166.92,307.179,5.0,"904,356","904,356",0,"1,597,680","2,502,036"
2021-11-19,0.1,東北北,1002.4,856.2,1.1,89,24.3,18.2,20.6,166.93,307.194,3.3,"905,292","905,292",0,"1,540,800","2,446,092"
2021-11-20,0.7,東北,1003.8,949.2,2.4,89,23.8,19.6,20.7,166.94,307.316,24.8,"1,628,768","1,185,768","443,000","2,090,160","3,275,928"
2021-11-21,0.8,東南東,1003.2,1211.9,1.5,80,29.3,18.6,22.8,167.07,308.514,0.1,"2,043,000",0,"2,043,000","2,328,840","2,328,840"
2021-11-22,0.1,西,1008.1,1058.8,1.2,91,20.2,14.2,17.3,167.26,310.184,16.8,"1,832,768","1,032,768","800,000","2,121,840","3,154,608"
2021-11-23,0.3,西南南,1011.8,926.0,1.8,91,14.5,13.6,14.1,167.28,310.37,8.1,"2,479,952","2,657,952","-178,000","2,502,720","5,160,672"
2021-11-24,1.1,東南東,1010.6,516.1,1.5,77,17.8,14.1,16.4,167.33,310.785,0.3,"2,128,776","1,861,776","267,000","2,409,840","4,271,616"
2021-11-25,0.4,西南南,1008.2,642.4,0.3,86,21.9,17.1,19.2,167.35,310.93,6.7,"1,637,872","1,459,872","178,000","2,260,080","3,719,952"
2021-11-26,0.3,西,1010.2,656.0,6.5,91,19.6,15.9,18.2,167.37,311.182,39.0,"3,820,016","2,306,016","1,514,000","2,593,440","4,899,456"
2021-11-27,1.3,東南東,1012.6,565.8,6.6,88,19.6,15.8,17.8,167.65,313.661,34.3,"6,782,748","4,103,748","2,679,000","3,396,960","7,500,708"
2021-11-28,3.3,東,1009.4,710.3,4.2,69,23.3,19.3,21.5,167.89,315.777,13.7,"8,147,260","6,715,260","1,432,000","4,064,400","10,779,660"
2021-11-29,3.1,東,1005.8,546.6,5.1,65,27.0,21.2,23.3,167.92,316.012,6.1,"5,996,784","6,713,784","-717,000","3,612,600","10,326,384"
2021-11-30,0.4,東南東,1007.4,705.5,0.5,83,21.8,15.7,19.1,167.71,314.148,4.1,"4,043,000","6,723,000","-2,680,000","3,118,680","9,841,680"
2021-12-01,0.2,東北,1013.4,420.2,1.3,70,16.7,11.7,14.2,167.35,310.897,0.0,"2,754,776","5,605,776","-2,851,000","2,896,920","8,502,696"
2021-12-02,0.1,東,1011.2,362.2,0.8,80,19.3,11.4,14.6,167.3,310.488,0.0,"1,627,112","1,004,112","623,000","2,666,880","3,670,992"
2021-12-03,0.4,東南東,1012.7,259.0,2.1,72,21.2,10.0,14.0,167.34,310.885,0.1,"1,206,700","1,028,700","178,000","2,389,680","3,418,380"
2021-12-04,1.1,東南東,1013.5,100.3,1.6,69,20.7,9.2,14.8,167.35,310.989,0.0,"1,024,992","1,024,992",0,"2,180,160","3,205,152"
2021-12-05,0.7,東南東,1010.6,243.9,0.9,80,22.7,14.1,17.7,167.35,310.974,14.3,"1,340,772","1,874,772","-534,000","2,008,080","3,882,852"
2021-12-06,0.7,東南東,1010.6,243.9,0.9,80,22.7,14.1,17.7,167.17,309.351,21.2,"1,258,004","2,147,004","-889,000","1,889,280","4,036,284"
2021-12-07,0.3,北,1013.0,428.9,5.3,87,17.4,15.0,16.5,167.46,311.647,4.1,"5,292,872","1,873,872","3,419,000","2,265,120","4,138,992"
2021-12-08,1.3,東,1013.4,376.4,1.8,71,23.5,13.9,18.5,167.54,312.63,0.7,"2,701,584","2,701,584",0,"2,062,080","4,763,664"
2021-12-09,1.4,東南東,1011.5,297.0,0.9,82,22.9,17.3,19.4,167.61,313.307,5.2,"1,838,732","1,302,732","536,000","1,867,680","3,170,412"
2021-12-10,1.5,東南東,1010.7,476.0,0.9,75,21.9,18.8,20.2,167.66,313.761,8.0,"1,660,200","1,303,200","357,000","1,889,640","3,192,840"
2021-12-11,1.6,東,1010.2,353.8,3.2,74,26.7,17.4,21.0,167.74,314.439,1.4,"2,193,384","1,299,384","894,000","1,917,000","3,216,384"
2021-12-12,0.4,西北,1011.8,293.9,0.2,93,20.9,16.5,17.8,167.81,315.079,20.5,"2,050,108","1,872,108","178,000","1,807,200","3,679,308"
2021-12-13,0.4,東北東,1012.6,625.6,3.1,93,18.0,15.9,16.6,167.81,315.102,27.0,"4,894,608","3,820,608","1,074,000","2,481,840","6,302,448"
2021-12-14,2.5,東,1008.5,227.0,3.5,77,24.6,16.7,20.0,167.87,315.635,1.6,"4,106,980","4,375,980","-269,000","2,698,920","7,074,900"
2021-12-15,1.7,東,1006.3,250.2,2.4,75,27.5,16.7,21.7,167.76,314.636,1.2,"2,875,276","4,395,276","-1,520,000","2,455,920","6,851,196"
2021-12-16,0.8,東南,1006.3,250.9,1.9,76,29.2,16.9,22.0,167.63,313.489,0.0,"1,799,984","1,977,984","-178,000","2,229,120","4,207,104"
2021-12-17,0.1,西北北,1012.3,656.6,0.4,94,18.8,12.6,16.3,167.72,314.323,15.8,"1,790,408","897,408","893,000","2,183,400","3,080,808"
2021-12-18,0.4,東北東,1015.6,539.1,1.5,79,15.6,11.7,13.5,167.83,315.251,0.4,"1,845,476","1,576,476","269,000","2,489,760","4,066,236"
2021-12-19,2.1,東,1013.6,253.1,3.3,67,20.0,12.7,16.1,167.84,315.284,0.0,"1,510,328","1,868,328","-358,000","2,261,160","4,129,488"
2021-12-20,0.7,東,1009.2,443.5,1.1,74,22.2,15.9,18.4,167.75,314.509,1.2,"1,223,376","2,117,376","-894,000","2,009,520","4,126,896"
2021-12-21,0.3,西北,1004.8,614.4,0.3,90,21.2,16.3,18.0,167.68,313.906,8.0,"986,976","896,976","90,000","1,806,480","2,703,456"
2021-12-22,0.0,西,1006.9,637.1,1.5,92,17.8,16.0,16.8,167.7,314.096,10.5,"1,177,684","909,684","268,000","1,796,760","2,706,444"
2021-12-23,0.2,東南南,1006.1,590.2,0.5,89,22.0,16.1,18.6,167.72,314.282,1.4,"1,027,404","1,027,404",0,"1,731,600","2,759,004"
2021-12-24,0.5,西北,1006.7,616.3,0.9,90,19.6,16.5,18.1,167.72,314.275,1.0,"1,029,276","1,029,276",0,"1,724,400","2,753,676"
2021-12-25,0.0,西,1014.6,776.0,3.4,91,16.5,13.4,15.1,167.74,314.454,33.3,"1,823,808","1,019,808","804,000","1,937,520","2,957,328"
2021-12-26,0.4,東南南,1018.8,648.2,3.2,88,14.6,12.4,13.2,167.95,316.381,21.9,"4,911,956","3,121,956","1,790,000","2,648,520","5,770,476"
2021-12-27,0.9,東南東,1018.3,663.5,3.1,89,13.1,11.8,12.5,168.07,317.416,13.6,"4,729,660","4,101,660","628,000","2,787,480","6,889,140"
2021-12-28,1.0,東南南,1013.9,706.1,2.5,83,21.3,13.0,16.4,168.15,318.109,1.1,"3,473,152","2,575,152","898,000","2,765,520","5,340,672"
2021-12-29,0.5,西北西,1013.2,586.6,1.2,83,22.1,14.2,16.8,168.22,318.749,0.4,"2,310,048","2,130,048","180,000","2,468,160","4,598,208"
2021-12-30,0.6,東南,1016.4,656.7,0.9,76,15.9,13.6,14.5,168.2,318.502,0.2,"1,857,808","2,396,808","-539,000","2,243,520","4,640,328"
2021-12-31,1.1,東南東,1016.5,1103.1,1.0,74,15.7,13.6,14.6,168.16,318.232,1.4,"1,244,456","615,456","629,000","2,050,560","2,666,016"
